--
-- PostgreSQL database dump
--

-- Dumped from database version 12.12 (Ubuntu 12.12-0ubuntu0.20.04.1)
-- Dumped by pg_dump version 12.12 (Ubuntu 12.12-0ubuntu0.20.04.1)

SET statement_timeout = 0;
SET lock_timeout = 0;
SET idle_in_transaction_session_timeout = 0;
SET client_encoding = 'UTF8';
SET standard_conforming_strings = on;
SELECT pg_catalog.set_config('search_path', '', false);
SET check_function_bodies = false;
SET xmloption = content;
SET client_min_messages = warning;
SET row_security = off;

SET default_tablespace = '';

SET default_table_access_method = heap;

--
-- Name: auth_group; Type: TABLE; Schema: public; Owner: ubuntu
--

CREATE TABLE public.auth_group (
    id integer NOT NULL,
    name character varying(150) NOT NULL
);


ALTER TABLE public.auth_group OWNER TO ubuntu;

--
-- Name: auth_group_id_seq; Type: SEQUENCE; Schema: public; Owner: ubuntu
--

ALTER TABLE public.auth_group ALTER COLUMN id ADD GENERATED BY DEFAULT AS IDENTITY (
    SEQUENCE NAME public.auth_group_id_seq
    START WITH 1
    INCREMENT BY 1
    NO MINVALUE
    NO MAXVALUE
    CACHE 1
);


--
-- Name: auth_group_permissions; Type: TABLE; Schema: public; Owner: ubuntu
--

CREATE TABLE public.auth_group_permissions (
    id bigint NOT NULL,
    group_id integer NOT NULL,
    permission_id integer NOT NULL
);


ALTER TABLE public.auth_group_permissions OWNER TO ubuntu;

--
-- Name: auth_group_permissions_id_seq; Type: SEQUENCE; Schema: public; Owner: ubuntu
--

ALTER TABLE public.auth_group_permissions ALTER COLUMN id ADD GENERATED BY DEFAULT AS IDENTITY (
    SEQUENCE NAME public.auth_group_permissions_id_seq
    START WITH 1
    INCREMENT BY 1
    NO MINVALUE
    NO MAXVALUE
    CACHE 1
);


--
-- Name: auth_permission; Type: TABLE; Schema: public; Owner: ubuntu
--

CREATE TABLE public.auth_permission (
    id integer NOT NULL,
    name character varying(255) NOT NULL,
    content_type_id integer NOT NULL,
    codename character varying(100) NOT NULL
);


ALTER TABLE public.auth_permission OWNER TO ubuntu;

--
-- Name: auth_permission_id_seq; Type: SEQUENCE; Schema: public; Owner: ubuntu
--

ALTER TABLE public.auth_permission ALTER COLUMN id ADD GENERATED BY DEFAULT AS IDENTITY (
    SEQUENCE NAME public.auth_permission_id_seq
    START WITH 1
    INCREMENT BY 1
    NO MINVALUE
    NO MAXVALUE
    CACHE 1
);


--
-- Name: auth_user; Type: TABLE; Schema: public; Owner: ubuntu
--

CREATE TABLE public.auth_user (
    id integer NOT NULL,
    password character varying(128) NOT NULL,
    last_login timestamp with time zone,
    is_superuser boolean NOT NULL,
    username character varying(150) NOT NULL,
    first_name character varying(150) NOT NULL,
    last_name character varying(150) NOT NULL,
    email character varying(254) NOT NULL,
    is_staff boolean NOT NULL,
    is_active boolean NOT NULL,
    date_joined timestamp with time zone NOT NULL
);


ALTER TABLE public.auth_user OWNER TO ubuntu;

--
-- Name: auth_user_groups; Type: TABLE; Schema: public; Owner: ubuntu
--

CREATE TABLE public.auth_user_groups (
    id bigint NOT NULL,
    user_id integer NOT NULL,
    group_id integer NOT NULL
);


ALTER TABLE public.auth_user_groups OWNER TO ubuntu;

--
-- Name: auth_user_groups_id_seq; Type: SEQUENCE; Schema: public; Owner: ubuntu
--

ALTER TABLE public.auth_user_groups ALTER COLUMN id ADD GENERATED BY DEFAULT AS IDENTITY (
    SEQUENCE NAME public.auth_user_groups_id_seq
    START WITH 1
    INCREMENT BY 1
    NO MINVALUE
    NO MAXVALUE
    CACHE 1
);


--
-- Name: auth_user_id_seq; Type: SEQUENCE; Schema: public; Owner: ubuntu
--

ALTER TABLE public.auth_user ALTER COLUMN id ADD GENERATED BY DEFAULT AS IDENTITY (
    SEQUENCE NAME public.auth_user_id_seq
    START WITH 1
    INCREMENT BY 1
    NO MINVALUE
    NO MAXVALUE
    CACHE 1
);


--
-- Name: auth_user_user_permissions; Type: TABLE; Schema: public; Owner: ubuntu
--

CREATE TABLE public.auth_user_user_permissions (
    id bigint NOT NULL,
    user_id integer NOT NULL,
    permission_id integer NOT NULL
);


ALTER TABLE public.auth_user_user_permissions OWNER TO ubuntu;

--
-- Name: auth_user_user_permissions_id_seq; Type: SEQUENCE; Schema: public; Owner: ubuntu
--

ALTER TABLE public.auth_user_user_permissions ALTER COLUMN id ADD GENERATED BY DEFAULT AS IDENTITY (
    SEQUENCE NAME public.auth_user_user_permissions_id_seq
    START WITH 1
    INCREMENT BY 1
    NO MINVALUE
    NO MAXVALUE
    CACHE 1
);


--
-- Name: category; Type: TABLE; Schema: public; Owner: ubuntu
--

CREATE TABLE public.category (
    category_id integer NOT NULL,
    name_category character varying(30) NOT NULL
);


ALTER TABLE public.category OWNER TO ubuntu;

--
-- Name: category_category_id_seq; Type: SEQUENCE; Schema: public; Owner: ubuntu
--

ALTER TABLE public.category ALTER COLUMN category_id ADD GENERATED BY DEFAULT AS IDENTITY (
    SEQUENCE NAME public.category_category_id_seq
    START WITH 1
    INCREMENT BY 1
    NO MINVALUE
    NO MAXVALUE
    CACHE 1
);


--
-- Name: django_admin_log; Type: TABLE; Schema: public; Owner: ubuntu
--

CREATE TABLE public.django_admin_log (
    id integer NOT NULL,
    action_time timestamp with time zone NOT NULL,
    object_id text,
    object_repr character varying(200) NOT NULL,
    action_flag smallint NOT NULL,
    change_message text NOT NULL,
    content_type_id integer,
    user_id integer NOT NULL,
    CONSTRAINT django_admin_log_action_flag_check CHECK ((action_flag >= 0))
);


ALTER TABLE public.django_admin_log OWNER TO ubuntu;

--
-- Name: django_admin_log_id_seq; Type: SEQUENCE; Schema: public; Owner: ubuntu
--

ALTER TABLE public.django_admin_log ALTER COLUMN id ADD GENERATED BY DEFAULT AS IDENTITY (
    SEQUENCE NAME public.django_admin_log_id_seq
    START WITH 1
    INCREMENT BY 1
    NO MINVALUE
    NO MAXVALUE
    CACHE 1
);


--
-- Name: django_content_type; Type: TABLE; Schema: public; Owner: ubuntu
--

CREATE TABLE public.django_content_type (
    id integer NOT NULL,
    app_label character varying(100) NOT NULL,
    model character varying(100) NOT NULL
);


ALTER TABLE public.django_content_type OWNER TO ubuntu;

--
-- Name: django_content_type_id_seq; Type: SEQUENCE; Schema: public; Owner: ubuntu
--

ALTER TABLE public.django_content_type ALTER COLUMN id ADD GENERATED BY DEFAULT AS IDENTITY (
    SEQUENCE NAME public.django_content_type_id_seq
    START WITH 1
    INCREMENT BY 1
    NO MINVALUE
    NO MAXVALUE
    CACHE 1
);


--
-- Name: django_migrations; Type: TABLE; Schema: public; Owner: ubuntu
--

CREATE TABLE public.django_migrations (
    id bigint NOT NULL,
    app character varying(255) NOT NULL,
    name character varying(255) NOT NULL,
    applied timestamp with time zone NOT NULL
);


ALTER TABLE public.django_migrations OWNER TO ubuntu;

--
-- Name: django_migrations_id_seq; Type: SEQUENCE; Schema: public; Owner: ubuntu
--

ALTER TABLE public.django_migrations ALTER COLUMN id ADD GENERATED BY DEFAULT AS IDENTITY (
    SEQUENCE NAME public.django_migrations_id_seq
    START WITH 1
    INCREMENT BY 1
    NO MINVALUE
    NO MAXVALUE
    CACHE 1
);


--
-- Name: django_session; Type: TABLE; Schema: public; Owner: ubuntu
--

CREATE TABLE public.django_session (
    session_key character varying(40) NOT NULL,
    session_data text NOT NULL,
    expire_date timestamp with time zone NOT NULL
);


ALTER TABLE public.django_session OWNER TO ubuntu;

--
-- Name: mark; Type: TABLE; Schema: public; Owner: ubuntu
--

CREATE TABLE public.mark (
    mark_id integer NOT NULL,
    name_mark character varying(30) NOT NULL
);


ALTER TABLE public.mark OWNER TO ubuntu;

--
-- Name: mark_mark_id_seq; Type: SEQUENCE; Schema: public; Owner: ubuntu
--

ALTER TABLE public.mark ALTER COLUMN mark_id ADD GENERATED BY DEFAULT AS IDENTITY (
    SEQUENCE NAME public.mark_mark_id_seq
    START WITH 1
    INCREMENT BY 1
    NO MINVALUE
    NO MAXVALUE
    CACHE 1
);


--
-- Name: products; Type: TABLE; Schema: public; Owner: ubuntu
--

CREATE TABLE public.products (
    product_id integer NOT NULL,
    name_product character varying(30) NOT NULL,
    category_id_id integer NOT NULL,
    mark_id_id integer NOT NULL
);


ALTER TABLE public.products OWNER TO ubuntu;

--
-- Name: products_product_id_seq; Type: SEQUENCE; Schema: public; Owner: ubuntu
--

ALTER TABLE public.products ALTER COLUMN product_id ADD GENERATED BY DEFAULT AS IDENTITY (
    SEQUENCE NAME public.products_product_id_seq
    START WITH 1
    INCREMENT BY 1
    NO MINVALUE
    NO MAXVALUE
    CACHE 1
);


--
-- Name: providers; Type: TABLE; Schema: public; Owner: ubuntu
--

CREATE TABLE public.providers (
    provider_id integer NOT NULL,
    provider_name character varying(30) NOT NULL,
    phone character varying(25) NOT NULL,
    provider_address character varying(50) NOT NULL
);


ALTER TABLE public.providers OWNER TO ubuntu;

--
-- Name: providers_provider_id_seq; Type: SEQUENCE; Schema: public; Owner: ubuntu
--

ALTER TABLE public.providers ALTER COLUMN provider_id ADD GENERATED BY DEFAULT AS IDENTITY (
    SEQUENCE NAME public.providers_provider_id_seq
    START WITH 1
    INCREMENT BY 1
    NO MINVALUE
    NO MAXVALUE
    CACHE 1
);


--
-- Name: purchases; Type: TABLE; Schema: public; Owner: ubuntu
--

CREATE TABLE public.purchases (
    purchase_id integer NOT NULL,
    purchase_date date NOT NULL,
    factura character varying(10) NOT NULL,
    provider_id_id integer NOT NULL
);


ALTER TABLE public.purchases OWNER TO ubuntu;

--
-- Name: purchases_purchase_id_seq; Type: SEQUENCE; Schema: public; Owner: ubuntu
--

ALTER TABLE public.purchases ALTER COLUMN purchase_id ADD GENERATED BY DEFAULT AS IDENTITY (
    SEQUENCE NAME public.purchases_purchase_id_seq
    START WITH 1
    INCREMENT BY 1
    NO MINVALUE
    NO MAXVALUE
    CACHE 1
);


--
-- Name: sales; Type: TABLE; Schema: public; Owner: ubuntu
--

CREATE TABLE public.sales (
    sale_id integer NOT NULL,
    sale_date date NOT NULL,
    amount integer NOT NULL,
    price integer NOT NULL,
    product_id_id integer NOT NULL,
    stock_id_id integer NOT NULL,
    user_id integer NOT NULL
);


ALTER TABLE public.sales OWNER TO ubuntu;

--
-- Name: sales_sale_id_seq; Type: SEQUENCE; Schema: public; Owner: ubuntu
--

ALTER TABLE public.sales ALTER COLUMN sale_id ADD GENERATED BY DEFAULT AS IDENTITY (
    SEQUENCE NAME public.sales_sale_id_seq
    START WITH 1
    INCREMENT BY 1
    NO MINVALUE
    NO MAXVALUE
    CACHE 1
);


--
-- Name: stock; Type: TABLE; Schema: public; Owner: ubuntu
--

CREATE TABLE public.stock (
    stock_id integer NOT NULL,
    purchase_price integer NOT NULL,
    sales_price integer NOT NULL,
    total integer NOT NULL,
    amount integer NOT NULL,
    sales_st integer,
    product_id_id integer NOT NULL,
    purchase_id_id integer NOT NULL
);


ALTER TABLE public.stock OWNER TO ubuntu;

--
-- Name: stock_stock_id_seq; Type: SEQUENCE; Schema: public; Owner: ubuntu
--

ALTER TABLE public.stock ALTER COLUMN stock_id ADD GENERATED BY DEFAULT AS IDENTITY (
    SEQUENCE NAME public.stock_stock_id_seq
    START WITH 1
    INCREMENT BY 1
    NO MINVALUE
    NO MAXVALUE
    CACHE 1
);


--
-- Data for Name: auth_group; Type: TABLE DATA; Schema: public; Owner: ubuntu
--

COPY public.auth_group (id, name) FROM stdin;
\.


--
-- Data for Name: auth_group_permissions; Type: TABLE DATA; Schema: public; Owner: ubuntu
--

COPY public.auth_group_permissions (id, group_id, permission_id) FROM stdin;
\.


--
-- Data for Name: auth_permission; Type: TABLE DATA; Schema: public; Owner: ubuntu
--

COPY public.auth_permission (id, name, content_type_id, codename) FROM stdin;
1	Can add category	1	add_category
2	Can change category	1	change_category
3	Can delete category	1	delete_category
4	Can view category	1	view_category
5	Can add mark	2	add_mark
6	Can change mark	2	change_mark
7	Can delete mark	2	delete_mark
8	Can view mark	2	view_mark
9	Can add products	3	add_products
10	Can change products	3	change_products
11	Can delete products	3	delete_products
12	Can view products	3	view_products
13	Can add providers	4	add_providers
14	Can change providers	4	change_providers
15	Can delete providers	4	delete_providers
16	Can view providers	4	view_providers
17	Can add purchases	5	add_purchases
18	Can change purchases	5	change_purchases
19	Can delete purchases	5	delete_purchases
20	Can view purchases	5	view_purchases
21	Can add stock	6	add_stock
22	Can change stock	6	change_stock
23	Can delete stock	6	delete_stock
24	Can view stock	6	view_stock
25	Can add sales	7	add_sales
26	Can change sales	7	change_sales
27	Can delete sales	7	delete_sales
28	Can view sales	7	view_sales
29	Can add log entry	8	add_logentry
30	Can change log entry	8	change_logentry
31	Can delete log entry	8	delete_logentry
32	Can view log entry	8	view_logentry
33	Can add permission	9	add_permission
34	Can change permission	9	change_permission
35	Can delete permission	9	delete_permission
36	Can view permission	9	view_permission
37	Can add group	10	add_group
38	Can change group	10	change_group
39	Can delete group	10	delete_group
40	Can view group	10	view_group
41	Can add user	11	add_user
42	Can change user	11	change_user
43	Can delete user	11	delete_user
44	Can view user	11	view_user
45	Can add content type	12	add_contenttype
46	Can change content type	12	change_contenttype
47	Can delete content type	12	delete_contenttype
48	Can view content type	12	view_contenttype
49	Can add session	13	add_session
50	Can change session	13	change_session
51	Can delete session	13	delete_session
52	Can view session	13	view_session
\.


--
-- Data for Name: auth_user; Type: TABLE DATA; Schema: public; Owner: ubuntu
--

COPY public.auth_user (id, password, last_login, is_superuser, username, first_name, last_name, email, is_staff, is_active, date_joined) FROM stdin;
1	pbkdf2_sha256$390000$ltPvgwMHBrRDDSv4PJUi92$sGw8ayVCm7oDhtb6yYWegbSsrYG6Rjnbz9ZfMVFyIyo=	\N	f	julian				f	t	2023-02-21 16:14:10.45691-05
5	pbkdf2_sha256$390000$UQwWOU26N2R1jWQ1aarXSz$QaQ7XmWQPtPrwuKF40oDXtQuRNIkHCKIIpeyGjLLgx0=	\N	f	liliput				f	t	2023-02-21 17:38:51.377177-05
10	pbkdf2_sha256$390000$IemlDoEyNxRrDKinZNG5r6$BCamoehjHW1CdkeexQ1tuNPLYvgtf6cCJ2k/GLxLOhQ=	\N	f	juncebolla				f	t	2023-02-21 18:23:26.469499-05
11	pbkdf2_sha256$390000$KFlqGGAYvTI3BzFzKDAze9$5/vVfXi515IaToOdr2yseBpifkUQgrpMoIvAFtLmt/I=	\N	f	mariajose				f	t	2023-02-21 18:24:18.818631-05
12	pbkdf2_sha256$390000$Plm8xVZALVFLRYiIN9RVdk$47fHdv9sSRP2YWJk1S+dBG15I4LOBGYqcQ/YB/eeSiY=	\N	f	sdsdsd				f	t	2023-02-21 18:26:29.772454-05
14	pbkdf2_sha256$390000$eyRpLC4K3HiAFXwE5MyUH2$1QWejGor8uQ/6icmjq4rPcBdYZqav1WVzrh+pMEA+ds=	\N	f	juani				f	t	2023-02-21 18:30:20.968529-05
15	pbkdf2_sha256$390000$aT0oz4BSc57pPhjFCy5xMf$nlW7r4DsP2FZjDFM5cHwcLSpZ98OfOxrnFbAupXg+l0=	\N	f	danas				f	t	2023-02-21 18:35:36.365699-05
16	pbkdf2_sha256$390000$0xcnxp2ruHG4WC2hk65EN2$AZGrDwJdaQTbrMfpPhDUl+WN0LbCtMaO43SY7S9uREg=	\N	f	rere				f	t	2023-02-21 18:36:20.921365-05
17	pbkdf2_sha256$390000$HuSSVTrZ1CG8T2zxLTfHsS$GPIT7I9Y8tKBsdDip0dePasW/OUodNKUvn8B2YnqI0Y=	\N	f	tyty				f	t	2023-02-21 18:37:05.381619-05
18	pbkdf2_sha256$390000$3AQQ4YT1b1oCXpJ4Q1n1Gc$bAIxyE9xXtPTPdr2FlqQLP/y7Zd5voJrV/x+3FVg1x8=	\N	f	tutina				f	t	2023-02-21 18:37:33.803981-05
19	pbkdf2_sha256$390000$2j4dJ8zS1QCaE670Kn893m$FTapPG1EvGSbJVz9uDG8/h8z5eTkGfbd35kbWzTqwc8=	\N	f	papita				f	t	2023-02-21 18:38:06.460856-05
34	pbkdf2_sha256$390000$T85krQLxmVZ1NKx23IvcGg$bIrjozRvg1Ww8WdnJQxPAyzq5O/FPCsb8r1pjSwMjrw=	2023-02-26 08:15:51.102404-05	f	juanito				f	t	2023-02-26 08:15:50.808473-05
20	pbkdf2_sha256$390000$E2RiW4RlcxOgv4B9Y6CYN2$J/TPqVPokQBLNsTHDb/9RdkA1B40fYVMJpnfMYwNLzI=	2023-02-21 18:46:04.528271-05	f	junaj				f	t	2023-02-21 18:46:04.20928-05
21	pbkdf2_sha256$390000$D8u3cDJkGbIJVd7nmNvO6k$nwbixITeooz9imr6Av+LVrwrUIjJoz1mkhdHKX1tRI0=	2023-02-25 21:51:33.643985-05	f	mariana				f	t	2023-02-21 20:44:57.263797-05
23	pbkdf2_sha256$390000$JV6MGVNWuwJJU0J7EsBcKD$AGCzHMdtLY97snSTGWSNnj+UIhEDXwdF17mG+TbjsNc=	2023-02-21 20:54:42.135011-05	f	pajon				f	t	2023-02-21 20:54:41.85876-05
24	pbkdf2_sha256$390000$KMIwxX6z4ht1kRk9eMuZut$3CUO4EX/d8970WqWGhl5PlLwQedT+K7x2DESmk7VgNg=	2023-02-21 21:18:08.123709-05	f	munra				f	t	2023-02-21 21:18:07.874513-05
25	pbkdf2_sha256$390000$riwtKlACtPyfgJObjYePEx$3Jp2XHnp0DHxv7S9BieX3Kn5bDanQzYiYQ5lkQW0V14=	2023-02-21 21:28:51.188232-05	f	paula				f	t	2023-02-21 21:28:50.888551-05
28	pbkdf2_sha256$390000$xkkXSc4WTdruzatqGEs0u4$eZAF8XhabownLlGjLCw+Bh4GZyx/N/WkIynwqXmCFog=	2023-02-25 22:06:07.411984-05	f	dani				f	t	2023-02-25 22:06:07.082622-05
39	pbkdf2_sha256$390000$7UAV9ddYLSgmfmyhJ8Neco$gKyDGnwkd/EazZU3UC3IKDR24YRegPjWv7XYvk5Sku0=	2023-02-26 09:10:17.349579-05	f	diego.jojoa@hotmail.com				f	t	2023-02-26 09:10:17.087693-05
27	pbkdf2_sha256$390000$0xpirgG4mWSSfe6TjHdEBz$/MlMzX9PYcrjIWoXIwwX9n2sC7ilitDVhblzBh5g9TE=	2023-02-22 17:41:30.473743-05	f	marcus				f	t	2023-02-22 14:57:13.430536-05
32	pbkdf2_sha256$390000$sbuxHhcSaicwSaJWmuFR9A$Bk2VNS2J+lhY4gmizIvvUzaMY3AHh421L+yItz03rxQ=	2023-02-25 23:54:06.643803-05	f	jjrendon				f	t	2023-02-25 23:54:06.369354-05
3	pbkdf2_sha256$390000$BM9qc6V9pcrGEYImqj1JHj$rMPlS1/tpuUS8Io3Qo5VBxfmuja98w/1lSWZELUD1RM=	2023-02-26 09:14:24.383212-05	f	diego				f	t	2023-02-21 16:14:33.798511-05
33	pbkdf2_sha256$390000$jYxvZEMEHDRjKSLUlQ4Bqn$8k79v/OAH4XOJjS51cxyIquR5DJgf75m0/+snfK7yTo=	2023-02-26 07:32:23.677458-05	f	diegojojoay				f	t	2023-02-26 07:32:23.362036-05
26	pbkdf2_sha256$390000$o0IMSxjpROpM6TY4v4jfQq$WKBQIZS4e4zxsifgj7It2gJ8ZLqPS7gEUKOJEtFSJGw=	2023-02-26 10:01:04.113073-05	t	diegojojoa			diego.jojoa@hotmail.com	t	t	2023-02-22 03:24:13.947562-05
\.


--
-- Data for Name: auth_user_groups; Type: TABLE DATA; Schema: public; Owner: ubuntu
--

COPY public.auth_user_groups (id, user_id, group_id) FROM stdin;
\.


--
-- Data for Name: auth_user_user_permissions; Type: TABLE DATA; Schema: public; Owner: ubuntu
--

COPY public.auth_user_user_permissions (id, user_id, permission_id) FROM stdin;
\.


--
-- Data for Name: category; Type: TABLE DATA; Schema: public; Owner: ubuntu
--

COPY public.category (category_id, name_category) FROM stdin;
1	gel
2	shampoo
3	reparador
4	otros
\.


--
-- Data for Name: django_admin_log; Type: TABLE DATA; Schema: public; Owner: ubuntu
--

COPY public.django_admin_log (id, action_time, object_id, object_repr, action_flag, change_message, content_type_id, user_id) FROM stdin;
1	2023-02-22 12:05:12.382928-05	15	ID de la venta: 15	3		7	26
2	2023-02-22 12:05:12.416266-05	14	ID de la venta: 14	3		7	26
3	2023-02-22 12:05:12.417508-05	13	ID de la venta: 13	3		7	26
4	2023-02-22 12:05:12.418589-05	12	ID de la venta: 12	3		7	26
5	2023-02-22 12:05:12.419626-05	11	ID de la venta: 11	3		7	26
6	2023-02-22 12:05:12.42071-05	10	ID de la venta: 10	3		7	26
7	2023-02-22 12:05:12.421951-05	9	ID de la venta: 9	3		7	26
8	2023-02-22 12:05:12.422994-05	8	ID de la venta: 8	3		7	26
9	2023-02-22 12:05:12.424704-05	7	ID de la venta: 7	3		7	26
10	2023-02-22 12:05:12.426282-05	6	ID de la venta: 6	3		7	26
11	2023-02-22 12:05:12.427352-05	5	ID de la venta: 5	3		7	26
12	2023-02-22 12:05:12.428573-05	4	ID de la venta: 4	3		7	26
13	2023-02-22 12:05:12.429584-05	3	ID de la venta: 3	3		7	26
14	2023-02-22 12:05:12.430532-05	2	ID de la venta: 2	3		7	26
15	2023-02-22 12:05:12.43149-05	1	ID de la venta: 1	3		7	26
16	2023-02-22 13:08:31.232918-05	1	ID de la venta: 1	1	[{"added": {}}]	7	26
17	2023-02-22 14:49:38.038492-05	2	ID de la venta: 2 - por diego	1	[{"added": {}}]	7	26
\.


--
-- Data for Name: django_content_type; Type: TABLE DATA; Schema: public; Owner: ubuntu
--

COPY public.django_content_type (id, app_label, model) FROM stdin;
1	management	category
2	management	mark
3	management	products
4	management	providers
5	management	purchases
6	management	stock
7	management	sales
8	admin	logentry
9	auth	permission
10	auth	group
11	auth	user
12	contenttypes	contenttype
13	sessions	session
\.


--
-- Data for Name: django_migrations; Type: TABLE DATA; Schema: public; Owner: ubuntu
--

COPY public.django_migrations (id, app, name, applied) FROM stdin;
1	contenttypes	0001_initial	2022-10-08 18:07:31.534757-05
2	auth	0001_initial	2022-10-08 18:07:31.652704-05
3	admin	0001_initial	2022-10-08 18:07:31.690842-05
4	admin	0002_logentry_remove_auto_add	2022-10-08 18:07:31.702561-05
5	admin	0003_logentry_add_action_flag_choices	2022-10-08 18:07:31.717047-05
6	contenttypes	0002_remove_content_type_name	2022-10-08 18:07:31.751514-05
7	auth	0002_alter_permission_name_max_length	2022-10-08 18:07:31.761652-05
8	auth	0003_alter_user_email_max_length	2022-10-08 18:07:31.77757-05
9	auth	0004_alter_user_username_opts	2022-10-08 18:07:31.800645-05
10	auth	0005_alter_user_last_login_null	2022-10-08 18:07:31.829885-05
11	auth	0006_require_contenttypes_0002	2022-10-08 18:07:31.842739-05
12	auth	0007_alter_validators_add_error_messages	2022-10-08 18:07:31.865756-05
13	auth	0008_alter_user_username_max_length	2022-10-08 18:07:31.942757-05
14	auth	0009_alter_user_last_name_max_length	2022-10-08 18:07:31.971332-05
15	auth	0010_alter_group_name_max_length	2022-10-08 18:07:32.003216-05
16	auth	0011_update_proxy_permissions	2022-10-08 18:07:32.110571-05
17	auth	0012_alter_user_first_name_max_length	2022-10-08 18:07:32.153258-05
18	management	0001_initial	2022-10-08 18:07:32.346861-05
19	sessions	0001_initial	2022-10-08 18:07:32.363076-05
20	management	0002_sales_user	2023-02-22 13:07:17.790655-05
\.


--
-- Data for Name: django_session; Type: TABLE DATA; Schema: public; Owner: ubuntu
--

COPY public.django_session (session_key, session_data, expire_date) FROM stdin;
wrj72nt4qkskpp1545zgzozd7ytrdgf9	.eJxVjMEOwiAQRP-FsyEFWth69N5vIAu7SNVAUtqT8d9tkx70Npn3Zt7C47ZmvzVe_EziKrQRl98yYHxyOQg9sNyrjLWsyxzkociTNjlV4tftdP8OMra8r23sNLleAbNL5DggUEpgCHgAy7p3FBGiUtGyG0NS49AZ3INRShME8fkCLEc42w:1pUeLC:cEND_pTqJ9KWCkguxL_4XicsbQfLiLjXXUbT1d75Fwk	2023-03-07 20:54:42.14495-05
0jb009roy41jgbouehltbsjfr0b375oz	.eJxVjEEOwiAQRe_C2pACpXRcuu8ZCMMMUjWQlHZlvLtt0oVu_3vvv4UP25r91njxM4mr0EpcfkcM8cnlIPQI5V5lrGVdZpSHIk_a5FSJX7fT_TvIoeW9dlGxclqPozOUyCarWQVAG00coBsALPcMrgfoIOw2KZsQTSST0CgSny_6ZDgb:1pVE4e:YRlTIZXBS5m6YWJHkFjJvwBjOh4hUuSVFSO1KQg0LRI	2023-03-09 11:04:00.086083-05
7wfi3pj9ttcygbi70d2h4u15q7w32jmx	e30:1pUjpd:AGM_f0CqjM1Yj22QacNZegkOZigA5-K6vJ0Q2pvoOlw	2023-03-08 02:46:29.678023-05
ppwf631vxg1ybiy5i9dboi2znb2int3s	e30:1pUjtg:3yGebtKe_8l4gSR3wLXRYGAXjHKBCPbFUSAX8kvn0FY	2023-03-08 02:50:40.992058-05
6tqlfhpfcyif9wu0n2v0499xpp4279jj	e30:1pUjuk:TkgvH-kOy5sq_GUG1ZZaOhjhVfDUzvcS-racoacQszo	2023-03-08 02:51:46.211138-05
as9xcera55nzqrurcnyzejawjiw1eu52	.eJxVjDsOwyAQBe9CHSH-rFOm9xnQAktwEmHJ2FWUu0dILpL2zcx7s4DHXsPRaQtLZlem2eV3i5ie1AbID2z3lae17dsS-VD4STuf10yv2-n-HVTsddSYQNk0uUiohRHG6SJKycqDnBRY8CIp6XWxYI13oJORUnsC6Y2IitjnC8puNow:1pVzpA:aBkzR0-FhDgL-I1MzBIsiua62N36zqHlLsQETc07Ms4	2023-03-11 14:03:12.247849-05
eek9p4eoqioiwr5ueppq1oia4fhwqfjm	.eJxVjEEOwiAQRe_C2pACpXRcuu8ZCMMMUjWQlHZlvLtt0oVu_3vvv4UP25r91njxM4mr0EpcfkcM8cnlIPQI5V5lrGVdZpSHIk_a5FSJX7fT_TvIoeW9dlGxclqPozOUyCarWQVAG00coBsALPcMrgfoIOw2KZsQTSST0CgSny_6ZDgb:1pW71u:eDwZZ8RThhawRy_HKwSSfXJMkHcae0vIQCfSZGNIpvw	2023-03-11 21:44:50.530339-05
\.


--
-- Data for Name: mark; Type: TABLE DATA; Schema: public; Owner: ubuntu
--

COPY public.mark (mark_id, name_mark) FROM stdin;
1	marcell france
2	bella
3	natura
4	men
\.


--
-- Data for Name: products; Type: TABLE DATA; Schema: public; Owner: ubuntu
--

COPY public.products (product_id, name_product, category_id_id, mark_id_id) FROM stdin;
1	shammpoo aguacate	2	1
2	shammpoo caspa	2	3
3	gel moco gorilla	1	4
4	reparador puntas	3	2
5	aceite de coco	3	2
6	gel marcell france	1	1
7	keratina cojin	3	3
8	gel ego	1	4
9	shammpoo tinte rojo	2	2
10	monas nina	4	2
11	Shampoo Romero	2	1
\.


--
-- Data for Name: providers; Type: TABLE DATA; Schema: public; Owner: ubuntu
--

COPY public.providers (provider_id, provider_name, phone, provider_address) FROM stdin;
1	Surtibelleza	2123	calle 1
2	Nelly Narvaez	5486	calle 2
3	Casa del peluquero	5657	calle 3
4	Spayzon	5456	calle 4
\.


--
-- Data for Name: purchases; Type: TABLE DATA; Schema: public; Owner: ubuntu
--

COPY public.purchases (purchase_id, purchase_date, factura, provider_id_id) FROM stdin;
1	2022-02-01	SB-01	1
2	2022-02-02	S-01	2
3	2022-03-01	S-01	2
\.


--
-- Data for Name: sales; Type: TABLE DATA; Schema: public; Owner: ubuntu
--

COPY public.sales (sale_id, sale_date, amount, price, product_id_id, stock_id_id, user_id) FROM stdin;
1	2023-02-22	1	2000	1	1	3
2	2023-02-22	1	5000	8	3	3
3	2023-02-22	1	4000	8	2	3
4	2023-02-22	1	10000	6	3	3
5	2023-02-22	1	11000	3	1	3
6	2023-02-22	1	12222	3	1	3
7	2023-02-22	1	11111	3	1	3
8	2023-02-22	1	12222	6	3	3
9	2023-02-22	1	11111	6	3	26
10	2023-02-22	1	10000	2	5	26
11	2023-02-22	1	9000	3	1	21
12	2023-02-22	1	12000	3	1	27
13	2023-02-26	1	5	11	7	26
14	2023-02-26	10	11500	11	7	3
\.


--
-- Data for Name: stock; Type: TABLE DATA; Schema: public; Owner: ubuntu
--

COPY public.stock (stock_id, purchase_price, sales_price, total, amount, sales_st, product_id_id, purchase_id_id) FROM stdin;
4	15000	20000	5	0	5	1	2
6	16000	21000	4	0	4	1	3
2	3000	5000	20	0	20	8	1
3	7000	10000	15	1	14	6	1
5	14000	19000	10	2	8	2	2
1	10000	13000	10	2	8	3	1
7	10000	11000	20	9	11	11	1
\.


--
-- Name: auth_group_id_seq; Type: SEQUENCE SET; Schema: public; Owner: ubuntu
--

SELECT pg_catalog.setval('public.auth_group_id_seq', 1, false);


--
-- Name: auth_group_permissions_id_seq; Type: SEQUENCE SET; Schema: public; Owner: ubuntu
--

SELECT pg_catalog.setval('public.auth_group_permissions_id_seq', 1, false);


--
-- Name: auth_permission_id_seq; Type: SEQUENCE SET; Schema: public; Owner: ubuntu
--

SELECT pg_catalog.setval('public.auth_permission_id_seq', 52, true);


--
-- Name: auth_user_groups_id_seq; Type: SEQUENCE SET; Schema: public; Owner: ubuntu
--

SELECT pg_catalog.setval('public.auth_user_groups_id_seq', 1, false);


--
-- Name: auth_user_id_seq; Type: SEQUENCE SET; Schema: public; Owner: ubuntu
--

SELECT pg_catalog.setval('public.auth_user_id_seq', 45, true);


--
-- Name: auth_user_user_permissions_id_seq; Type: SEQUENCE SET; Schema: public; Owner: ubuntu
--

SELECT pg_catalog.setval('public.auth_user_user_permissions_id_seq', 1, false);


--
-- Name: category_category_id_seq; Type: SEQUENCE SET; Schema: public; Owner: ubuntu
--

SELECT pg_catalog.setval('public.category_category_id_seq', 1, false);


--
-- Name: django_admin_log_id_seq; Type: SEQUENCE SET; Schema: public; Owner: ubuntu
--

SELECT pg_catalog.setval('public.django_admin_log_id_seq', 17, true);


--
-- Name: django_content_type_id_seq; Type: SEQUENCE SET; Schema: public; Owner: ubuntu
--

SELECT pg_catalog.setval('public.django_content_type_id_seq', 13, true);


--
-- Name: django_migrations_id_seq; Type: SEQUENCE SET; Schema: public; Owner: ubuntu
--

SELECT pg_catalog.setval('public.django_migrations_id_seq', 20, true);


--
-- Name: mark_mark_id_seq; Type: SEQUENCE SET; Schema: public; Owner: ubuntu
--

SELECT pg_catalog.setval('public.mark_mark_id_seq', 1, false);


--
-- Name: products_product_id_seq; Type: SEQUENCE SET; Schema: public; Owner: ubuntu
--

SELECT pg_catalog.setval('public.products_product_id_seq', 1, false);


--
-- Name: providers_provider_id_seq; Type: SEQUENCE SET; Schema: public; Owner: ubuntu
--

SELECT pg_catalog.setval('public.providers_provider_id_seq', 1, false);


--
-- Name: purchases_purchase_id_seq; Type: SEQUENCE SET; Schema: public; Owner: ubuntu
--

SELECT pg_catalog.setval('public.purchases_purchase_id_seq', 1, false);


--
-- Name: sales_sale_id_seq; Type: SEQUENCE SET; Schema: public; Owner: ubuntu
--

SELECT pg_catalog.setval('public.sales_sale_id_seq', 2, true);


--
-- Name: stock_stock_id_seq; Type: SEQUENCE SET; Schema: public; Owner: ubuntu
--

SELECT pg_catalog.setval('public.stock_stock_id_seq', 1, false);


--
-- Name: auth_group auth_group_name_key; Type: CONSTRAINT; Schema: public; Owner: ubuntu
--

ALTER TABLE ONLY public.auth_group
    ADD CONSTRAINT auth_group_name_key UNIQUE (name);


--
-- Name: auth_group_permissions auth_group_permissions_group_id_permission_id_0cd325b0_uniq; Type: CONSTRAINT; Schema: public; Owner: ubuntu
--

ALTER TABLE ONLY public.auth_group_permissions
    ADD CONSTRAINT auth_group_permissions_group_id_permission_id_0cd325b0_uniq UNIQUE (group_id, permission_id);


--
-- Name: auth_group_permissions auth_group_permissions_pkey; Type: CONSTRAINT; Schema: public; Owner: ubuntu
--

ALTER TABLE ONLY public.auth_group_permissions
    ADD CONSTRAINT auth_group_permissions_pkey PRIMARY KEY (id);


--
-- Name: auth_group auth_group_pkey; Type: CONSTRAINT; Schema: public; Owner: ubuntu
--

ALTER TABLE ONLY public.auth_group
    ADD CONSTRAINT auth_group_pkey PRIMARY KEY (id);


--
-- Name: auth_permission auth_permission_content_type_id_codename_01ab375a_uniq; Type: CONSTRAINT; Schema: public; Owner: ubuntu
--

ALTER TABLE ONLY public.auth_permission
    ADD CONSTRAINT auth_permission_content_type_id_codename_01ab375a_uniq UNIQUE (content_type_id, codename);


--
-- Name: auth_permission auth_permission_pkey; Type: CONSTRAINT; Schema: public; Owner: ubuntu
--

ALTER TABLE ONLY public.auth_permission
    ADD CONSTRAINT auth_permission_pkey PRIMARY KEY (id);


--
-- Name: auth_user_groups auth_user_groups_pkey; Type: CONSTRAINT; Schema: public; Owner: ubuntu
--

ALTER TABLE ONLY public.auth_user_groups
    ADD CONSTRAINT auth_user_groups_pkey PRIMARY KEY (id);


--
-- Name: auth_user_groups auth_user_groups_user_id_group_id_94350c0c_uniq; Type: CONSTRAINT; Schema: public; Owner: ubuntu
--

ALTER TABLE ONLY public.auth_user_groups
    ADD CONSTRAINT auth_user_groups_user_id_group_id_94350c0c_uniq UNIQUE (user_id, group_id);


--
-- Name: auth_user auth_user_pkey; Type: CONSTRAINT; Schema: public; Owner: ubuntu
--

ALTER TABLE ONLY public.auth_user
    ADD CONSTRAINT auth_user_pkey PRIMARY KEY (id);


--
-- Name: auth_user_user_permissions auth_user_user_permissions_pkey; Type: CONSTRAINT; Schema: public; Owner: ubuntu
--

ALTER TABLE ONLY public.auth_user_user_permissions
    ADD CONSTRAINT auth_user_user_permissions_pkey PRIMARY KEY (id);


--
-- Name: auth_user_user_permissions auth_user_user_permissions_user_id_permission_id_14a6b632_uniq; Type: CONSTRAINT; Schema: public; Owner: ubuntu
--

ALTER TABLE ONLY public.auth_user_user_permissions
    ADD CONSTRAINT auth_user_user_permissions_user_id_permission_id_14a6b632_uniq UNIQUE (user_id, permission_id);


--
-- Name: auth_user auth_user_username_key; Type: CONSTRAINT; Schema: public; Owner: ubuntu
--

ALTER TABLE ONLY public.auth_user
    ADD CONSTRAINT auth_user_username_key UNIQUE (username);


--
-- Name: category category_pkey; Type: CONSTRAINT; Schema: public; Owner: ubuntu
--

ALTER TABLE ONLY public.category
    ADD CONSTRAINT category_pkey PRIMARY KEY (category_id);


--
-- Name: django_admin_log django_admin_log_pkey; Type: CONSTRAINT; Schema: public; Owner: ubuntu
--

ALTER TABLE ONLY public.django_admin_log
    ADD CONSTRAINT django_admin_log_pkey PRIMARY KEY (id);


--
-- Name: django_content_type django_content_type_app_label_model_76bd3d3b_uniq; Type: CONSTRAINT; Schema: public; Owner: ubuntu
--

ALTER TABLE ONLY public.django_content_type
    ADD CONSTRAINT django_content_type_app_label_model_76bd3d3b_uniq UNIQUE (app_label, model);


--
-- Name: django_content_type django_content_type_pkey; Type: CONSTRAINT; Schema: public; Owner: ubuntu
--

ALTER TABLE ONLY public.django_content_type
    ADD CONSTRAINT django_content_type_pkey PRIMARY KEY (id);


--
-- Name: django_migrations django_migrations_pkey; Type: CONSTRAINT; Schema: public; Owner: ubuntu
--

ALTER TABLE ONLY public.django_migrations
    ADD CONSTRAINT django_migrations_pkey PRIMARY KEY (id);


--
-- Name: django_session django_session_pkey; Type: CONSTRAINT; Schema: public; Owner: ubuntu
--

ALTER TABLE ONLY public.django_session
    ADD CONSTRAINT django_session_pkey PRIMARY KEY (session_key);


--
-- Name: mark mark_pkey; Type: CONSTRAINT; Schema: public; Owner: ubuntu
--

ALTER TABLE ONLY public.mark
    ADD CONSTRAINT mark_pkey PRIMARY KEY (mark_id);


--
-- Name: products products_pkey; Type: CONSTRAINT; Schema: public; Owner: ubuntu
--

ALTER TABLE ONLY public.products
    ADD CONSTRAINT products_pkey PRIMARY KEY (product_id);


--
-- Name: providers providers_pkey; Type: CONSTRAINT; Schema: public; Owner: ubuntu
--

ALTER TABLE ONLY public.providers
    ADD CONSTRAINT providers_pkey PRIMARY KEY (provider_id);


--
-- Name: purchases purchases_pkey; Type: CONSTRAINT; Schema: public; Owner: ubuntu
--

ALTER TABLE ONLY public.purchases
    ADD CONSTRAINT purchases_pkey PRIMARY KEY (purchase_id);


--
-- Name: sales sales_pkey; Type: CONSTRAINT; Schema: public; Owner: ubuntu
--

ALTER TABLE ONLY public.sales
    ADD CONSTRAINT sales_pkey PRIMARY KEY (sale_id);


--
-- Name: stock stock_pkey; Type: CONSTRAINT; Schema: public; Owner: ubuntu
--

ALTER TABLE ONLY public.stock
    ADD CONSTRAINT stock_pkey PRIMARY KEY (stock_id);


--
-- Name: auth_group_name_a6ea08ec_like; Type: INDEX; Schema: public; Owner: ubuntu
--

CREATE INDEX auth_group_name_a6ea08ec_like ON public.auth_group USING btree (name varchar_pattern_ops);


--
-- Name: auth_group_permissions_group_id_b120cbf9; Type: INDEX; Schema: public; Owner: ubuntu
--

CREATE INDEX auth_group_permissions_group_id_b120cbf9 ON public.auth_group_permissions USING btree (group_id);


--
-- Name: auth_group_permissions_permission_id_84c5c92e; Type: INDEX; Schema: public; Owner: ubuntu
--

CREATE INDEX auth_group_permissions_permission_id_84c5c92e ON public.auth_group_permissions USING btree (permission_id);


--
-- Name: auth_permission_content_type_id_2f476e4b; Type: INDEX; Schema: public; Owner: ubuntu
--

CREATE INDEX auth_permission_content_type_id_2f476e4b ON public.auth_permission USING btree (content_type_id);


--
-- Name: auth_user_groups_group_id_97559544; Type: INDEX; Schema: public; Owner: ubuntu
--

CREATE INDEX auth_user_groups_group_id_97559544 ON public.auth_user_groups USING btree (group_id);


--
-- Name: auth_user_groups_user_id_6a12ed8b; Type: INDEX; Schema: public; Owner: ubuntu
--

CREATE INDEX auth_user_groups_user_id_6a12ed8b ON public.auth_user_groups USING btree (user_id);


--
-- Name: auth_user_user_permissions_permission_id_1fbb5f2c; Type: INDEX; Schema: public; Owner: ubuntu
--

CREATE INDEX auth_user_user_permissions_permission_id_1fbb5f2c ON public.auth_user_user_permissions USING btree (permission_id);


--
-- Name: auth_user_user_permissions_user_id_a95ead1b; Type: INDEX; Schema: public; Owner: ubuntu
--

CREATE INDEX auth_user_user_permissions_user_id_a95ead1b ON public.auth_user_user_permissions USING btree (user_id);


--
-- Name: auth_user_username_6821ab7c_like; Type: INDEX; Schema: public; Owner: ubuntu
--

CREATE INDEX auth_user_username_6821ab7c_like ON public.auth_user USING btree (username varchar_pattern_ops);


--
-- Name: django_admin_log_content_type_id_c4bce8eb; Type: INDEX; Schema: public; Owner: ubuntu
--

CREATE INDEX django_admin_log_content_type_id_c4bce8eb ON public.django_admin_log USING btree (content_type_id);


--
-- Name: django_admin_log_user_id_c564eba6; Type: INDEX; Schema: public; Owner: ubuntu
--

CREATE INDEX django_admin_log_user_id_c564eba6 ON public.django_admin_log USING btree (user_id);


--
-- Name: django_session_expire_date_a5c62663; Type: INDEX; Schema: public; Owner: ubuntu
--

CREATE INDEX django_session_expire_date_a5c62663 ON public.django_session USING btree (expire_date);


--
-- Name: django_session_session_key_c0390e0f_like; Type: INDEX; Schema: public; Owner: ubuntu
--

CREATE INDEX django_session_session_key_c0390e0f_like ON public.django_session USING btree (session_key varchar_pattern_ops);


--
-- Name: products_category_id_id_8e75a3a8; Type: INDEX; Schema: public; Owner: ubuntu
--

CREATE INDEX products_category_id_id_8e75a3a8 ON public.products USING btree (category_id_id);


--
-- Name: products_mark_id_id_0f4c1624; Type: INDEX; Schema: public; Owner: ubuntu
--

CREATE INDEX products_mark_id_id_0f4c1624 ON public.products USING btree (mark_id_id);


--
-- Name: purchases_provider_id_id_82b675e1; Type: INDEX; Schema: public; Owner: ubuntu
--

CREATE INDEX purchases_provider_id_id_82b675e1 ON public.purchases USING btree (provider_id_id);


--
-- Name: sales_product_id_id_b1faa135; Type: INDEX; Schema: public; Owner: ubuntu
--

CREATE INDEX sales_product_id_id_b1faa135 ON public.sales USING btree (product_id_id);


--
-- Name: sales_stock_id_id_c894bcb5; Type: INDEX; Schema: public; Owner: ubuntu
--

CREATE INDEX sales_stock_id_id_c894bcb5 ON public.sales USING btree (stock_id_id);


--
-- Name: sales_user_id_894ff46a; Type: INDEX; Schema: public; Owner: ubuntu
--

CREATE INDEX sales_user_id_894ff46a ON public.sales USING btree (user_id);


--
-- Name: stock_product_id_id_d6bf2991; Type: INDEX; Schema: public; Owner: ubuntu
--

CREATE INDEX stock_product_id_id_d6bf2991 ON public.stock USING btree (product_id_id);


--
-- Name: stock_purchase_id_id_6bd09819; Type: INDEX; Schema: public; Owner: ubuntu
--

CREATE INDEX stock_purchase_id_id_6bd09819 ON public.stock USING btree (purchase_id_id);


--
-- Name: auth_group_permissions auth_group_permissio_permission_id_84c5c92e_fk_auth_perm; Type: FK CONSTRAINT; Schema: public; Owner: ubuntu
--

ALTER TABLE ONLY public.auth_group_permissions
    ADD CONSTRAINT auth_group_permissio_permission_id_84c5c92e_fk_auth_perm FOREIGN KEY (permission_id) REFERENCES public.auth_permission(id) DEFERRABLE INITIALLY DEFERRED;


--
-- Name: auth_group_permissions auth_group_permissions_group_id_b120cbf9_fk_auth_group_id; Type: FK CONSTRAINT; Schema: public; Owner: ubuntu
--

ALTER TABLE ONLY public.auth_group_permissions
    ADD CONSTRAINT auth_group_permissions_group_id_b120cbf9_fk_auth_group_id FOREIGN KEY (group_id) REFERENCES public.auth_group(id) DEFERRABLE INITIALLY DEFERRED;


--
-- Name: auth_permission auth_permission_content_type_id_2f476e4b_fk_django_co; Type: FK CONSTRAINT; Schema: public; Owner: ubuntu
--

ALTER TABLE ONLY public.auth_permission
    ADD CONSTRAINT auth_permission_content_type_id_2f476e4b_fk_django_co FOREIGN KEY (content_type_id) REFERENCES public.django_content_type(id) DEFERRABLE INITIALLY DEFERRED;


--
-- Name: auth_user_groups auth_user_groups_group_id_97559544_fk_auth_group_id; Type: FK CONSTRAINT; Schema: public; Owner: ubuntu
--

ALTER TABLE ONLY public.auth_user_groups
    ADD CONSTRAINT auth_user_groups_group_id_97559544_fk_auth_group_id FOREIGN KEY (group_id) REFERENCES public.auth_group(id) DEFERRABLE INITIALLY DEFERRED;


--
-- Name: auth_user_groups auth_user_groups_user_id_6a12ed8b_fk_auth_user_id; Type: FK CONSTRAINT; Schema: public; Owner: ubuntu
--

ALTER TABLE ONLY public.auth_user_groups
    ADD CONSTRAINT auth_user_groups_user_id_6a12ed8b_fk_auth_user_id FOREIGN KEY (user_id) REFERENCES public.auth_user(id) DEFERRABLE INITIALLY DEFERRED;


--
-- Name: auth_user_user_permissions auth_user_user_permi_permission_id_1fbb5f2c_fk_auth_perm; Type: FK CONSTRAINT; Schema: public; Owner: ubuntu
--

ALTER TABLE ONLY public.auth_user_user_permissions
    ADD CONSTRAINT auth_user_user_permi_permission_id_1fbb5f2c_fk_auth_perm FOREIGN KEY (permission_id) REFERENCES public.auth_permission(id) DEFERRABLE INITIALLY DEFERRED;


--
-- Name: auth_user_user_permissions auth_user_user_permissions_user_id_a95ead1b_fk_auth_user_id; Type: FK CONSTRAINT; Schema: public; Owner: ubuntu
--

ALTER TABLE ONLY public.auth_user_user_permissions
    ADD CONSTRAINT auth_user_user_permissions_user_id_a95ead1b_fk_auth_user_id FOREIGN KEY (user_id) REFERENCES public.auth_user(id) DEFERRABLE INITIALLY DEFERRED;


--
-- Name: django_admin_log django_admin_log_content_type_id_c4bce8eb_fk_django_co; Type: FK CONSTRAINT; Schema: public; Owner: ubuntu
--

ALTER TABLE ONLY public.django_admin_log
    ADD CONSTRAINT django_admin_log_content_type_id_c4bce8eb_fk_django_co FOREIGN KEY (content_type_id) REFERENCES public.django_content_type(id) DEFERRABLE INITIALLY DEFERRED;


--
-- Name: django_admin_log django_admin_log_user_id_c564eba6_fk_auth_user_id; Type: FK CONSTRAINT; Schema: public; Owner: ubuntu
--

ALTER TABLE ONLY public.django_admin_log
    ADD CONSTRAINT django_admin_log_user_id_c564eba6_fk_auth_user_id FOREIGN KEY (user_id) REFERENCES public.auth_user(id) DEFERRABLE INITIALLY DEFERRED;


--
-- Name: products products_category_id_id_8e75a3a8_fk_category_category_id; Type: FK CONSTRAINT; Schema: public; Owner: ubuntu
--

ALTER TABLE ONLY public.products
    ADD CONSTRAINT products_category_id_id_8e75a3a8_fk_category_category_id FOREIGN KEY (category_id_id) REFERENCES public.category(category_id) DEFERRABLE INITIALLY DEFERRED;


--
-- Name: products products_mark_id_id_0f4c1624_fk_mark_mark_id; Type: FK CONSTRAINT; Schema: public; Owner: ubuntu
--

ALTER TABLE ONLY public.products
    ADD CONSTRAINT products_mark_id_id_0f4c1624_fk_mark_mark_id FOREIGN KEY (mark_id_id) REFERENCES public.mark(mark_id) DEFERRABLE INITIALLY DEFERRED;


--
-- Name: purchases purchases_provider_id_id_82b675e1_fk_providers_provider_id; Type: FK CONSTRAINT; Schema: public; Owner: ubuntu
--

ALTER TABLE ONLY public.purchases
    ADD CONSTRAINT purchases_provider_id_id_82b675e1_fk_providers_provider_id FOREIGN KEY (provider_id_id) REFERENCES public.providers(provider_id) DEFERRABLE INITIALLY DEFERRED;


--
-- Name: sales sales_product_id_id_b1faa135_fk_products_product_id; Type: FK CONSTRAINT; Schema: public; Owner: ubuntu
--

ALTER TABLE ONLY public.sales
    ADD CONSTRAINT sales_product_id_id_b1faa135_fk_products_product_id FOREIGN KEY (product_id_id) REFERENCES public.products(product_id) DEFERRABLE INITIALLY DEFERRED;


--
-- Name: sales sales_stock_id_id_c894bcb5_fk_stock_stock_id; Type: FK CONSTRAINT; Schema: public; Owner: ubuntu
--

ALTER TABLE ONLY public.sales
    ADD CONSTRAINT sales_stock_id_id_c894bcb5_fk_stock_stock_id FOREIGN KEY (stock_id_id) REFERENCES public.stock(stock_id) DEFERRABLE INITIALLY DEFERRED;


--
-- Name: sales sales_user_id_894ff46a_fk_auth_user_id; Type: FK CONSTRAINT; Schema: public; Owner: ubuntu
--

ALTER TABLE ONLY public.sales
    ADD CONSTRAINT sales_user_id_894ff46a_fk_auth_user_id FOREIGN KEY (user_id) REFERENCES public.auth_user(id) DEFERRABLE INITIALLY DEFERRED;


--
-- Name: stock stock_product_id_id_d6bf2991_fk_products_product_id; Type: FK CONSTRAINT; Schema: public; Owner: ubuntu
--

ALTER TABLE ONLY public.stock
    ADD CONSTRAINT stock_product_id_id_d6bf2991_fk_products_product_id FOREIGN KEY (product_id_id) REFERENCES public.products(product_id) DEFERRABLE INITIALLY DEFERRED;


--
-- Name: stock stock_purchase_id_id_6bd09819_fk_purchases_purchase_id; Type: FK CONSTRAINT; Schema: public; Owner: ubuntu
--

ALTER TABLE ONLY public.stock
    ADD CONSTRAINT stock_purchase_id_id_6bd09819_fk_purchases_purchase_id FOREIGN KEY (purchase_id_id) REFERENCES public.purchases(purchase_id) DEFERRABLE INITIALLY DEFERRED;


--
-- Name: TABLE auth_group; Type: ACL; Schema: public; Owner: ubuntu
--

GRANT ALL ON TABLE public.auth_group TO djojoa;
GRANT ALL ON TABLE public.auth_group TO diegojojoa;


--
-- Name: SEQUENCE auth_group_id_seq; Type: ACL; Schema: public; Owner: ubuntu
--

GRANT ALL ON SEQUENCE public.auth_group_id_seq TO djojoa;


--
-- Name: TABLE auth_group_permissions; Type: ACL; Schema: public; Owner: ubuntu
--

GRANT ALL ON TABLE public.auth_group_permissions TO djojoa;
GRANT ALL ON TABLE public.auth_group_permissions TO diegojojoa;


--
-- Name: SEQUENCE auth_group_permissions_id_seq; Type: ACL; Schema: public; Owner: ubuntu
--

GRANT ALL ON SEQUENCE public.auth_group_permissions_id_seq TO djojoa;


--
-- Name: TABLE auth_permission; Type: ACL; Schema: public; Owner: ubuntu
--

GRANT ALL ON TABLE public.auth_permission TO djojoa;
GRANT ALL ON TABLE public.auth_permission TO diegojojoa;


--
-- Name: SEQUENCE auth_permission_id_seq; Type: ACL; Schema: public; Owner: ubuntu
--

GRANT ALL ON SEQUENCE public.auth_permission_id_seq TO djojoa;


--
-- Name: TABLE auth_user; Type: ACL; Schema: public; Owner: ubuntu
--

GRANT ALL ON TABLE public.auth_user TO djojoa;
GRANT ALL ON TABLE public.auth_user TO diegojojoa;


--
-- Name: TABLE auth_user_groups; Type: ACL; Schema: public; Owner: ubuntu
--

GRANT ALL ON TABLE public.auth_user_groups TO djojoa;
GRANT ALL ON TABLE public.auth_user_groups TO diegojojoa;


--
-- Name: SEQUENCE auth_user_groups_id_seq; Type: ACL; Schema: public; Owner: ubuntu
--

GRANT ALL ON SEQUENCE public.auth_user_groups_id_seq TO djojoa;


--
-- Name: SEQUENCE auth_user_id_seq; Type: ACL; Schema: public; Owner: ubuntu
--

GRANT ALL ON SEQUENCE public.auth_user_id_seq TO djojoa;


--
-- Name: TABLE auth_user_user_permissions; Type: ACL; Schema: public; Owner: ubuntu
--

GRANT ALL ON TABLE public.auth_user_user_permissions TO djojoa;
GRANT ALL ON TABLE public.auth_user_user_permissions TO diegojojoa;


--
-- Name: SEQUENCE auth_user_user_permissions_id_seq; Type: ACL; Schema: public; Owner: ubuntu
--

GRANT ALL ON SEQUENCE public.auth_user_user_permissions_id_seq TO djojoa;


--
-- Name: TABLE category; Type: ACL; Schema: public; Owner: ubuntu
--

GRANT ALL ON TABLE public.category TO djojoa;
GRANT ALL ON TABLE public.category TO diegojojoa;


--
-- Name: SEQUENCE category_category_id_seq; Type: ACL; Schema: public; Owner: ubuntu
--

GRANT ALL ON SEQUENCE public.category_category_id_seq TO djojoa;


--
-- Name: TABLE django_admin_log; Type: ACL; Schema: public; Owner: ubuntu
--

GRANT ALL ON TABLE public.django_admin_log TO djojoa;
GRANT ALL ON TABLE public.django_admin_log TO diegojojoa;


--
-- Name: SEQUENCE django_admin_log_id_seq; Type: ACL; Schema: public; Owner: ubuntu
--

GRANT ALL ON SEQUENCE public.django_admin_log_id_seq TO djojoa;


--
-- Name: TABLE django_content_type; Type: ACL; Schema: public; Owner: ubuntu
--

GRANT ALL ON TABLE public.django_content_type TO djojoa;
GRANT ALL ON TABLE public.django_content_type TO diegojojoa;


--
-- Name: SEQUENCE django_content_type_id_seq; Type: ACL; Schema: public; Owner: ubuntu
--

GRANT ALL ON SEQUENCE public.django_content_type_id_seq TO djojoa;


--
-- Name: TABLE django_migrations; Type: ACL; Schema: public; Owner: ubuntu
--

GRANT ALL ON TABLE public.django_migrations TO djojoa;
GRANT ALL ON TABLE public.django_migrations TO diegojojoa;


--
-- Name: SEQUENCE django_migrations_id_seq; Type: ACL; Schema: public; Owner: ubuntu
--

GRANT ALL ON SEQUENCE public.django_migrations_id_seq TO djojoa;


--
-- Name: TABLE django_session; Type: ACL; Schema: public; Owner: ubuntu
--

GRANT ALL ON TABLE public.django_session TO djojoa;
GRANT ALL ON TABLE public.django_session TO diegojojoa;


--
-- Name: TABLE mark; Type: ACL; Schema: public; Owner: ubuntu
--

GRANT ALL ON TABLE public.mark TO djojoa;
GRANT ALL ON TABLE public.mark TO diegojojoa;


--
-- Name: SEQUENCE mark_mark_id_seq; Type: ACL; Schema: public; Owner: ubuntu
--

GRANT ALL ON SEQUENCE public.mark_mark_id_seq TO djojoa;


--
-- Name: TABLE products; Type: ACL; Schema: public; Owner: ubuntu
--

GRANT ALL ON TABLE public.products TO djojoa;
GRANT ALL ON TABLE public.products TO diegojojoa;


--
-- Name: SEQUENCE products_product_id_seq; Type: ACL; Schema: public; Owner: ubuntu
--

GRANT ALL ON SEQUENCE public.products_product_id_seq TO djojoa;


--
-- Name: TABLE providers; Type: ACL; Schema: public; Owner: ubuntu
--

GRANT ALL ON TABLE public.providers TO djojoa;
GRANT ALL ON TABLE public.providers TO diegojojoa;


--
-- Name: SEQUENCE providers_provider_id_seq; Type: ACL; Schema: public; Owner: ubuntu
--

GRANT ALL ON SEQUENCE public.providers_provider_id_seq TO djojoa;


--
-- Name: TABLE purchases; Type: ACL; Schema: public; Owner: ubuntu
--

GRANT ALL ON TABLE public.purchases TO djojoa;
GRANT ALL ON TABLE public.purchases TO diegojojoa;


--
-- Name: SEQUENCE purchases_purchase_id_seq; Type: ACL; Schema: public; Owner: ubuntu
--

GRANT ALL ON SEQUENCE public.purchases_purchase_id_seq TO djojoa;


--
-- Name: TABLE sales; Type: ACL; Schema: public; Owner: ubuntu
--

GRANT ALL ON TABLE public.sales TO djojoa;
GRANT ALL ON TABLE public.sales TO diegojojoa;


--
-- Name: SEQUENCE sales_sale_id_seq; Type: ACL; Schema: public; Owner: ubuntu
--

GRANT ALL ON SEQUENCE public.sales_sale_id_seq TO djojoa;


--
-- Name: TABLE stock; Type: ACL; Schema: public; Owner: ubuntu
--

GRANT ALL ON TABLE public.stock TO djojoa;
GRANT ALL ON TABLE public.stock TO diegojojoa;


--
-- Name: SEQUENCE stock_stock_id_seq; Type: ACL; Schema: public; Owner: ubuntu
--

GRANT ALL ON SEQUENCE public.stock_stock_id_seq TO djojoa;


--
-- PostgreSQL database dump complete
--

